{"weights": [0.8723646487076202, -0.7895541519783676, -0.47138734800661997, -0.47139080070681644, -0.4229699983389928, -0.4229732721526402, -0.4229704715988827, -0.3983880556382757, -0.3983856280397982, -0.39838877744684387, -0.39881017309830435, -0.39809425110294855, -0.39809557498477266, -0.3980950331260986, 25.889860880613178], "bias": -10.206678915758031}