{"weights": [0.8723646487076202, -0.7908825342215423, -0.4719788882366496, -0.4719819629923945, -0.42328066109193335, -0.4232834908187173, -0.4232810335885217, -0.3986526775049191, -0.39865056004966926, -0.3986533122576914, -0.39907471636092384, -0.3983568003636995, -0.3983579117525971, -0.39835743353212666, 26.12625737432018], "bias": -10.322683781744473}