{"weights": [0.8723646487076202, -0.7879931521687505, -0.4706924028684383, -0.4706963695644335, -0.42260569212357946, -0.4226095290044812, -0.4226062573560577, -0.39807780365998346, -0.39807498103514877, -0.39807878663627055, -0.3985000605340827, -0.39778656614468644, -0.397788172602322, -0.3977874396777583, 25.62182469064829], "bias": -10.075236018999508}